<annotation>
	<folder>img</folder>
	<filename>image_T42.png</filename>
	<path>D:\Users\Yoniko\Documents\GitHub\LOL-s-Ai-Project\img\Part2\img\image_T42.png</path>
	<source>
		<database>Unknown</database>
	</source>
	<size>
		<width>120</width>
		<height>120</height>
		<depth>3</depth>
	</size>
	<segmented>0</segmented>
	<object>
		<name>Teemo</name>
		<pose>Unspecified</pose>
		<truncated>0</truncated>
		<difficult>0</difficult>
		<bndbox>
			<xmin>3</xmin>
			<ymin>6</ymin>
			<xmax>117</xmax>
			<ymax>117</ymax>
		</bndbox>
	</object>
</annotation>
