<annotation>
	<folder>final</folder>
	<filename>augmented_ZileanSquare.png</filename>
	<path>D:\Users\Yoniko\Documents\GitHub\LOL-s-Ai-Project\img\final\augmented_ZileanSquare.png</path>
	<source>
		<database>Unknown</database>
	</source>
	<size>
		<width>143</width>
		<height>143</height>
		<depth>3</depth>
	</size>
	<segmented>0</segmented>
	<object>
		<name>Zilean</name>
		<pose>Unspecified</pose>
		<truncated>0</truncated>
		<difficult>0</difficult>
		<bndbox>
			<xmin>8</xmin>
			<ymin>4</ymin>
			<xmax>142</xmax>
			<ymax>141</ymax>
		</bndbox>
	</object>
</annotation>
