<annotation>
	<folder>final</folder>
	<filename>augmented_YuumiSquare.png</filename>
	<path>D:\Users\Yoniko\Documents\GitHub\LOL-s-Ai-Project\img\final\augmented_YuumiSquare.png</path>
	<source>
		<database>Unknown</database>
	</source>
	<size>
		<width>99</width>
		<height>99</height>
		<depth>3</depth>
	</size>
	<segmented>0</segmented>
	<object>
		<name>Yuumi</name>
		<pose>Unspecified</pose>
		<truncated>0</truncated>
		<difficult>0</difficult>
		<bndbox>
			<xmin>3</xmin>
			<ymin>11</ymin>
			<xmax>98</xmax>
			<ymax>98</ymax>
		</bndbox>
	</object>
</annotation>
