<annotation>
	<folder>final</folder>
	<filename>augmented_ZacSquare.png</filename>
	<path>D:\Users\Yoniko\Documents\GitHub\LOL-s-Ai-Project\img\final\augmented_ZacSquare.png</path>
	<source>
		<database>Unknown</database>
	</source>
	<size>
		<width>109</width>
		<height>109</height>
		<depth>3</depth>
	</size>
	<segmented>0</segmented>
	<object>
		<name>Zac</name>
		<pose>Unspecified</pose>
		<truncated>1</truncated>
		<difficult>0</difficult>
		<bndbox>
			<xmin>16</xmin>
			<ymin>11</ymin>
			<xmax>107</xmax>
			<ymax>109</ymax>
		</bndbox>
	</object>
</annotation>
