<annotation>
	<folder>final</folder>
	<filename>augmented_augmented_ZacSquare.png</filename>
	<path>D:\Users\Yoniko\Documents\GitHub\LOL-s-Ai-Project\img\final\augmented_augmented_ZacSquare.png</path>
	<source>
		<database>Unknown</database>
	</source>
	<size>
		<width>148</width>
		<height>148</height>
		<depth>3</depth>
	</size>
	<segmented>0</segmented>
	<object>
		<name>Zac</name>
		<pose>Unspecified</pose>
		<truncated>1</truncated>
		<difficult>0</difficult>
		<bndbox>
			<xmin>1</xmin>
			<ymin>21</ymin>
			<xmax>140</xmax>
			<ymax>135</ymax>
		</bndbox>
	</object>
</annotation>
