<annotation>
	<folder>final</folder>
	<filename>augmented_augmented_ZeriSquare.png</filename>
	<path>D:\Users\Yoniko\Documents\GitHub\LOL-s-Ai-Project\img\final\augmented_augmented_ZeriSquare.png</path>
	<source>
		<database>Unknown</database>
	</source>
	<size>
		<width>102</width>
		<height>102</height>
		<depth>3</depth>
	</size>
	<segmented>0</segmented>
	<object>
		<name>Zeri</name>
		<pose>Unspecified</pose>
		<truncated>1</truncated>
		<difficult>0</difficult>
		<bndbox>
			<xmin>1</xmin>
			<ymin>12</ymin>
			<xmax>86</xmax>
			<ymax>102</ymax>
		</bndbox>
	</object>
</annotation>
