<annotation>
	<folder>final</folder>
	<filename>augmented_ZedSquare.png</filename>
	<path>D:\Users\Yoniko\Documents\GitHub\LOL-s-Ai-Project\img\final\augmented_ZedSquare.png</path>
	<source>
		<database>Unknown</database>
	</source>
	<size>
		<width>106</width>
		<height>106</height>
		<depth>3</depth>
	</size>
	<segmented>0</segmented>
	<object>
		<name>Zed</name>
		<pose>Unspecified</pose>
		<truncated>1</truncated>
		<difficult>0</difficult>
		<bndbox>
			<xmin>1</xmin>
			<ymin>2</ymin>
			<xmax>98</xmax>
			<ymax>94</ymax>
		</bndbox>
	</object>
</annotation>
