<annotation>
	<folder>final</folder>
	<filename>augmented_augmented_ZyraSquare.png</filename>
	<path>D:\Users\Yoniko\Documents\GitHub\LOL-s-Ai-Project\img\final\augmented_augmented_ZyraSquare.png</path>
	<source>
		<database>Unknown</database>
	</source>
	<size>
		<width>114</width>
		<height>114</height>
		<depth>3</depth>
	</size>
	<segmented>0</segmented>
	<object>
		<name>Zyra</name>
		<pose>Unspecified</pose>
		<truncated>1</truncated>
		<difficult>0</difficult>
		<bndbox>
			<xmin>1</xmin>
			<ymin>1</ymin>
			<xmax>105</xmax>
			<ymax>113</ymax>
		</bndbox>
	</object>
</annotation>
